pf_name,pl_name,team_name,pass_att,pass_comp,comp_pct,pass_yds,pass_ypg,pass_td,pass_int,rush_att,rush_yds,rush_avg,rush_ypg,rush_td,rec,rec_yds,rec_avg,rec_ypg,rec_td,tar,yac
A.J.,Brown,PHI,0,0,0,0,0,0,0,0,0,0,0,0,44,725,16.48,80.6,6,73,273
A.J.,Green,ARI,0,0,0,0,0,0,0,0,0,0,0,0,12,66,5.5,8.2,1,25,12
Aaron,Jones,GB,0,0,0,0,0,0,0,131,738,5.63,73.8,2,34,228,6.71,22.8,3,42,240
Aaron,Rodgers,GB,337,219,65,2315,6.9,17,7,16,64,4,6.4,0,0,0,0,0,0,0,0
Adam,Prentice,NO,0,0,0,0,0,0,0,0,0,0,0,0,1,2,2,0.5,0,1,-1
Adam,Thielen,MIN,0,0,0,0,0,0,0,0,0,0,0,0,43,467,10.86,51.9,2,64,95
Adam,Trautman,NO,0,0,0,0,0,0,0,0,0,0,0,0,10,116,11.6,14.5,1,12,51
AJ,Dillon,GB,0,0,0,0,0,0,0,111,454,4.09,45.4,1,16,99,6.19,9.9,0,25,87
Albert,Okwuegbunam,DEN,0,0,0,0,0,0,0,0,0,0,0,0,7,50,7.14,10,0,11,39
Alec,Ingold,MIA,0,0,0,0,0,0,0,5,6,1.2,0.6,1,10,83,8.3,8.3,1,12,66
Alec,Pierce,IND,0,0,0,0,0,0,0,0,0,0,0,0,25,396,15.84,44,1,42,69
Alexander,Horvath,LAC,0,0,0,0,0,0,0,3,5,1.67,0.6,0,5,8,1.6,0.9,2,8,1
Alexander,Mattison,MIN,0,0,0,0,0,0,0,40,149,3.73,16.6,2,10,66,6.6,7.3,1,13,74
Allen,Lazard,GB,0,0,0,0,0,0,0,0,0,0,0,0,33,472,14.3,59,5,55,177
Allen,Robinson,LA,0,0,0,0,0,0,0,0,0,0,0,0,29,292,10.07,32.4,2,47,60
Alvin,Kamara,NO,0,0,0,0,0,0,0,112,469,4.19,58.6,1,39,338,8.67,42.2,2,53,320
Amari,Cooper,CLE,0,0,0,0,0,0,0,0,0,0,0,0,42,585,13.93,65,5,69,122
Amari,Rodgers,GB,0,0,0,0,0,0,0,0,0,0,0,0,4,50,12.5,5,0,8,16
Ameer,Abdullah,LV,0,0,0,0,0,0,0,0,0,0,0,0,12,99,8.25,11,0,16,105
Amon-Ra,St. Brown,DET,0,0,0,0,0,0,0,3,70,23.33,8.8,0,49,518,10.57,64.8,3,70,278
Andre,Baccellia,ARI,0,0,0,0,0,0,0,0,0,0,0,0,4,25,6.25,5,0,6,9
Andrew,Beck,DEN,0,0,0,0,0,0,0,1,-1,-1,-0.1,0,3,59,19.67,7.4,0,6,38
Andy,Dalton,NO,217,141,65,1559,7.2,11,7,17,34,2,4.9,0,0,0,0,0,0,0,0
Andy,Isabella,ARI,0,0,0,0,0,0,0,0,0,0,0,0,2,21,10.5,7,0,5,5
Anthony,Firkser,ATL,0,0,0,0,0,0,0,0,0,0,0,0,3,39,13,7.8,0,4,10
Anthony,Schwartz,CLE,0,0,0,0,0,0,0,2,20,10,2.5,0,2,22,11,2.8,0,7,7
Antonio,Gibson,WAS,0,0,0,0,0,0,0,103,372,3.61,37.2,3,34,253,7.44,25.3,2,41,208
Armani,Rogers,WAS,0,0,0,0,0,0,0,1,24,24,2.4,0,5,64,12.8,6.4,0,6,57
Ashton,Dulin,IND,0,0,0,0,0,0,0,1,3,3,0.5,0,12,168,14,28,0,18,31
Ashtyn,Davis,NYJ,0,0,0,0,0,0,0,1,2,2,0.2,0,0,0,0,0,0,0,0
Austin,Ekeler,LAC,0,0,0,0,0,0,0,104,451,4.34,50.1,6,67,420,6.27,46.7,4,81,504
Austin,Hooper,TEN,0,0,0,0,0,0,0,0,0,0,0,0,17,191,11.24,21.2,0,25,50
Avery,Williams,ATL,0,0,0,0,0,0,0,14,83,5.93,8.3,1,8,35,4.38,3.5,0,9,54
Bailey,Zappe,NE,0,0,0,0,0,0,0,10,0,0,0,0,1,-6,-6,-1.5,0,1,2
Baker,Mayfield,CAR,173,98,56.6,1117,6.5,6,4,14,40,2.86,6.7,1,0,0,0,0,0,0,0
Ben,Ellefson,MIN,0,0,0,0,0,0,0,0,0,0,0,0,3,26,8.67,6.5,0,3,11
Bennett,Skowronek,LA,0,0,0,0,0,0,0,1,17,17,1.9,1,26,245,9.42,27.2,0,39,109
Boston,Scott,PHI,0,0,0,0,0,0,0,25,76,3.04,10.9,1,1,2,2,0.3,0,1,0
Brandin,Cooks,HOU,0,0,0,0,0,0,0,1,5,5,0.6,0,36,391,10.86,48.9,1,60,101
Brandon,Aiyuk,SF,0,0,0,0,0,0,0,1,7,7,0.8,0,44,567,12.89,63,4,62,236
Brandon,Allen,CIN,0,0,0,0,0,0,0,3,-1,-0.33,-1,0,0,0,0,0,0,0,0
Brandon,Bolden,LV,0,0,0,0,0,0,0,8,34,4.25,4.2,0,8,53,6.63,6.6,1,8,27
Brandon,Powell,LA,0,0,0,0,0,0,0,8,9,1.13,1,0,10,74,7.4,8.2,0,12,78
Braxton,Berrios,NYJ,0,0,0,0,0,0,0,7,82,11.71,9.1,2,12,69,5.75,7.7,0,17,51
Braylon,Sanders,MIA,0,0,0,0,0,0,0,0,0,0,0,0,2,17,8.5,17,0,2,3
Breece,Hall,NYJ,0,0,0,0,0,0,0,80,463,5.79,66.1,4,19,218,11.47,31.1,1,31,171
Breshad,Perriman,TB,0,0,0,0,0,0,0,2,-7,-3.5,-0.9,0,8,101,12.63,12.6,1,16,45
Brett,Rypien,DEN,0,0,0,0,0,0,0,3,9,3,9,0,0,0,0,0,0,0,0
Brevin,Jordan,HOU,0,0,0,0,0,0,0,0,0,0,0,0,6,32,5.33,6.4,0,17,33
Brian,Robinson,WAS,0,0,0,0,0,0,0,93,305,3.28,50.8,2,4,7,1.75,1.2,0,4,22
Brock,Purdy,SF,0,0,0,0,0,0,0,2,0,0,0,0,0,0,0,0,0,0,0
Brock,Wright,DET,0,0,0,0,0,0,0,0,0,0,0,0,7,90,12.86,10,1,8,60
Bryan,Anger,DAL,0,0,0,0,0,0,0,0,0,0,0,0,0,0,0,0,0,0,0
Bryan,Edwards,ATL,0,0,0,0,0,0,0,0,0,0,0,0,3,15,5,2.1,0,5,9
Bryce,Perkins,LA,0,0,0,0,0,0,0,3,4,1.33,4,0,0,0,0,0,0,0,0
Brycen,Hopkins,LA,0,0,0,0,0,0,0,0,0,0,0,0,1,11,11,1.8,0,3,7
Byron,Pringle,CHI,0,0,0,0,0,0,0,0,0,0,0,0,3,45,15,11.2,0,5,4
C.J.,Beathard,JAX,0,0,0,0,0,0,0,1,-1,-1,-1,0,0,0,0,0,0,0,0
C.J.,Ham,MIN,0,0,0,0,0,0,0,2,6,3,0.7,1,3,21,7,2.3,0,5,26
C.J.,Moore,DET,0,0,0,0,0,0,0,1,13,13,4.3,0,0,0,0,0,0,0,0
C.J.,Uzomah,NYJ,0,0,0,0,0,0,0,0,0,0,0,0,10,82,8.2,10.2,0,11,59
Cade,Otton,TB,0,0,0,0,0,0,0,0,0,0,0,0,26,281,10.81,31.2,1,35,118
Caleb,Huntley,ATL,0,0,0,0,0,0,0,69,331,4.8,41.4,1,0,0,0,0,0,0,0
Cam,Akers,LA,0,0,0,0,0,0,0,62,176,2.84,25.1,1,2,18,9,2.6,0,6,18
Cam,Sims,WAS,0,0,0,0,0,0,0,0,0,0,0,0,5,58,11.6,5.8,0,13,19
Cameron,Brate,TB,0,0,0,0,0,0,0,0,0,0,0,0,14,122,8.71,20.3,0,24,40
Carson,Wentz,WAS,232,144,62.1,1489,6.4,10,6,19,79,4.16,13.2,0,0,0,0,0,0,0,0
Case,Keenum,BUF,0,0,0,0,0,0,0,5,0,0,0,0,0,0,0,0,0,0,0
Cedrick,Wilson,MIA,0,0,0,0,0,0,0,1,8,8,0.9,0,7,70,10,7.8,0,11,36
CeeDee,Lamb,DAL,0,0,0,0,0,0,0,5,12,2.4,1.3,0,53,706,13.32,78.4,5,88,238
Chad,Henne,KC,0,0,0,0,0,0,0,3,-3,-1,-1.5,0,0,0,0,0,0,0,0
Charlie,Woerner,SF,0,0,0,0,0,0,0,0,0,0,0,0,0,0,0,0,0,2,0
Chase,Claypool,CHI,0,0,0,0,0,0,0,9,59,6.56,5.9,0,35,332,9.49,33.2,1,58,123
Chase,Edmonds,DEN,0,0,0,0,0,0,0,44,129,2.93,14.3,2,11,96,8.73,10.7,1,19,66
Chatarius,Atwell,LA,0,0,0,0,0,0,0,1,9,9,1.8,0,1,54,54,10.8,0,4,1
Chigoziem,Okonkwo,TEN,0,0,0,0,0,0,0,1,-4,-4,-0.4,0,7,141,20.14,15.7,1,13,87
Chris,Conley,TEN,0,0,0,0,0,0,0,0,0,0,0,0,0,0,0,0,0,3,0
Chris,Evans,CIN,0,0,0,0,0,0,0,0,0,0,0,0,2,30,15,3.3,0,3,3
Chris,Godwin,TB,0,0,0,0,0,0,0,3,5,1.67,0.6,0,48,475,9.9,59.4,1,73,232
Chris,Manhertz,JAX,0,0,0,0,0,0,0,0,0,0,0,0,5,21,4.2,2.1,0,6,15
Chris,Moore,HOU,0,0,0,0,0,0,0,1,2,2,0.2,0,17,241,14.18,30.1,2,27,145
Chris,Myarick,NYG,0,0,0,0,0,0,0,0,0,0,0,0,6,42,7,4.7,1,7,25
Chris,Olave,NO,0,0,0,0,0,0,0,0,0,0,0,0,46,658,14.3,73.1,2,77,108
Christian,Kirk,JAX,0,0,0,0,0,0,0,3,12,4,1.2,0,52,679,13.06,67.9,7,82,230
Christian,McCaffrey,SF,0,0,0,0,0,0,0,125,563,4.5,62.6,4,47,395,8.4,43.9,2,60,428
Christian,Watson,GB,0,0,0,0,0,0,0,3,19,6.33,2.7,1,14,195,13.93,27.9,3,22,102
Chuba,Hubbard,CAR,0,0,0,0,0,0,0,20,111,5.55,13.9,1,3,11,3.67,1.4,0,4,19
Clayton,Fejedelem,MIA,0,0,0,0,0,0,0,1,0,0,0,0,0,0,0,0,0,0,0
Clyde,Edwards-Helaire,KC,0,0,0,0,0,0,0,69,293,4.25,32.6,3,17,151,8.88,16.8,3,23,144
Cody,Hollister,TEN,0,0,0,0,0,0,0,0,0,0,0,0,3,54,18,6,0,5,8
Colby,Parkinson,SEA,0,0,0,0,0,0,0,0,0,0,0,0,13,172,13.23,17.2,1,16,102
Cole,Beasley,TB,0,0,0,0,0,0,0,0,0,0,0,0,4,17,4.25,8.5,0,5,10
Cole,Kmet,CHI,0,0,0,0,0,0,0,2,9,4.5,0.9,0,23,274,11.91,27.4,5,33,124
Cole,Turner,WAS,0,0,0,0,0,0,0,0,0,0,0,0,2,23,11.5,7.7,0,7,7
Colt,McCoy,ARI,0,0,0,0,0,0,0,4,4,1,4,0,0,0,0,0,0,0,0
Connor,Heyward,PIT,0,0,0,0,0,0,0,0,0,0,0,0,7,76,10.86,8.4,0,8,49
Cooper,Kupp,LA,0,0,0,0,0,0,0,9,52,5.78,5.8,1,75,812,10.83,90.2,6,98,422
Cooper,Rush,DAL,156,90,57.7,1020,6.5,5,3,9,6,0.67,1,0,0,0,0,0,0,0,0
Cordarrelle,Patterson,ATL,0,0,0,0,0,0,0,76,402,5.29,67,5,6,39,6.5,6.5,0,9,31
Corey,Davis,NYJ,0,0,0,0,0,0,0,0,0,0,0,0,19,351,18.47,50.1,2,34,59
Courtland,Sutton,DEN,0,0,0,0,0,0,0,1,5,5,0.6,0,41,533,13,59.2,1,73,106
Craig,Reynolds,DET,0,0,0,0,0,0,0,23,102,4.43,12.8,0,9,116,12.89,14.5,0,10,112
Curtis,Samuel,WAS,0,0,0,0,0,0,0,22,134,6.09,13.4,0,47,483,10.28,48.3,3,70,210
D.J.,Chark,DET,0,0,0,0,0,0,0,0,0,0,0,0,7,98,14,32.7,1,18,20
D.J.,Moore,CAR,0,0,0,0,0,0,0,7,39,5.57,3.9,0,39,478,12.26,47.8,3,77,128
D.J.,Turner,LV,0,0,0,0,0,0,0,3,20,6.67,4,0,0,0,0,0,0,0,0
D.K.,Metcalf,SEA,0,0,0,0,0,0,0,0,0,0,0,0,48,581,12.1,58.1,4,77,135
D'Andre,Swift,DET,0,0,0,0,0,0,0,40,253,6.33,42.2,2,17,150,8.82,25,2,24,177
D'Ernest,Johnson,CLE,0,0,0,0,0,0,0,4,17,4.25,2.4,0,3,7,2.33,1,0,3,8
D'Onta,Foreman,CAR,0,0,0,0,0,0,0,91,426,4.68,42.6,4,4,25,6.25,2.5,0,7,27
D'Wayne,Eskridge,SEA,0,0,0,0,0,0,0,2,10,5,1,0,7,58,8.29,5.8,0,13,46
Dak,Prescott,DAL,127,81,63.8,856,6.7,6,4,14,51,3.64,12.8,1,0,0,0,0,0,0,0
Dallas,Goedert,PHI,0,0,0,0,0,0,0,0,0,0,0,0,43,544,12.65,60.4,3,53,361
Dalton,Schultz,DAL,0,0,0,0,0,0,0,0,0,0,0,0,26,257,9.88,36.7,1,37,84
Dalvin,Cook,MIN,0,0,0,0,0,0,0,145,727,5.01,80.8,6,22,146,6.64,16.2,1,33,165
Dameon,Pierce,HOU,0,0,0,0,0,0,0,165,772,4.68,85.8,3,22,126,5.73,14,1,27,154
Damien,Harris,NE,0,0,0,0,0,0,0,71,302,4.25,43.1,3,11,47,4.27,6.7,0,14,51
Damien,Williams,ATL,0,0,0,0,0,0,0,2,2,1,2,0,0,0,0,0,0,0,0
Damiere,Byrd,ATL,0,0,0,0,0,0,0,0,0,0,0,0,7,200,28.57,28.6,2,14,79
Dan,Arnold,JAX,0,0,0,0,0,0,0,0,0,0,0,0,7,113,16.14,11.3,0,8,74
Daniel,Bellinger,NYG,0,0,0,0,0,0,0,1,2,2,0.3,1,16,152,9.5,21.7,2,18,97
Daniel,Jones,NYG,237,156,65.8,1596,6.7,8,2,69,387,5.61,43,3,0,0,0,0,0,0,0
Danny,Gray,SF,0,0,0,0,0,0,0,0,0,0,0,0,0,0,0,0,0,6,0
Dante,Pettis,CHI,0,0,0,0,0,0,0,2,37,18.5,3.7,0,12,176,14.67,17.6,2,21,49
Dare,Ogunbowale,HOU,0,0,0,0,0,0,0,1,8,8,0.9,0,7,67,9.57,7.4,0,9,65
Darius,Slayton,NYG,0,0,0,0,0,0,0,0,0,0,0,0,19,327,17.21,40.9,2,28,121
Darnell,Mooney,CHI,0,0,0,0,0,0,0,1,2,2,0.2,0,36,464,12.89,46.4,1,56,143
Darrel,Williams,ARI,0,0,0,0,0,0,0,21,102,4.86,17,1,4,9,2.25,1.5,0,8,15
Darrell,Henderson,LA,0,0,0,0,0,0,0,68,274,4.03,30.4,3,17,102,6,11.3,0,22,110
Darren,Waller,LV,0,0,0,0,0,0,0,0,0,0,0,0,16,175,10.94,35,1,24,47
Davante,Adams,LV,0,0,0,0,0,0,0,3,-1,-0.33,-0.1,0,57,784,13.75,87.1,8,99,306
David,Bakhtiari,GB,0,0,0,0,0,0,0,0,0,0,0,0,0,0,0,0,0,1,0
David,Bell,CLE,0,0,0,0,0,0,0,0,0,0,0,0,12,124,10.33,13.8,0,16,35
David,Montgomery,CHI,0,0,0,0,0,0,0,115,434,3.77,48.2,2,15,150,10,16.7,0,17,149
David,Njoku,CLE,0,0,0,0,0,0,0,1,-6,-6,-0.9,0,34,418,12.29,59.7,1,42,222
David,Sills,NYG,0,0,0,0,0,0,0,0,0,0,0,0,11,106,9.64,13.2,0,17,40
Davis,Mills,HOU,295,184,62.4,1975,6.7,11,9,12,28,2.33,3.1,0,0,0,0,0,0,0,0
Dawson,Knox,BUF,0,0,0,0,0,0,0,0,0,0,0,0,24,240,10,30,2,33,91
Dax,Milne,WAS,0,0,0,0,0,0,0,0,0,0,0,0,6,37,6.17,3.7,1,7,13
DeAndre,Carter,LAC,0,0,0,0,0,0,0,1,-5,-5,-0.6,0,28,346,12.36,38.4,2,38,107
DeAndre,Hopkins,ARI,0,0,0,0,0,0,0,0,0,0,0,0,36,396,11,99,2,46,81
Deebo,Samuel,SF,0,0,0,0,0,0,0,28,165,5.89,20.6,1,34,411,12.09,51.4,2,60,314
DeeJay,Dallas,SEA,0,0,0,0,0,0,0,13,65,5,6.5,0,5,29,5.8,2.9,0,5,27
Demarcus,Robinson,BAL,0,0,0,0,0,0,0,0,0,0,0,0,16,152,9.5,16.9,1,29,57
Demetric,Felton,CLE,0,0,0,0,0,0,0,1,-4,-4,-0.8,0,1,3,3,0.6,0,2,6
Dennis,Houston,DAL,0,0,0,0,0,0,0,0,0,0,0,0,2,16,8,8,0,6,6
Denzel,Mims,NYJ,0,0,0,0,0,0,0,0,0,0,0,0,4,92,23,30.7,0,9,56
Deon,Jackson,IND,0,0,0,0,0,0,0,41,123,3,13.7,1,16,121,7.56,13.4,0,17,126
Deonte,Harty,NO,0,0,0,0,0,0,0,0,0,0,0,0,2,13,6.5,3.2,0,2,8
Derek,Carr,LV,311,194,62.4,2128,6.8,13,5,15,67,4.47,7.4,0,0,0,0,0,0,0,0
Derek,Watt,PIT,0,0,0,0,0,0,0,3,7,2.33,0.8,0,3,7,2.33,0.8,1,3,5
Derrick,Henry,TEN,0,0,0,0,0,0,0,202,923,4.57,102.6,9,16,154,9.63,17.1,0,21,135
DeSean,Jackson,BAL,0,0,0,0,0,0,0,0,0,0,0,0,1,16,16,16,0,2,0
DeVante,Parker,NE,0,0,0,0,0,0,0,0,0,0,0,0,15,321,21.4,40.1,1,28,78
Devin,Asiasi,CIN,0,0,0,0,0,0,0,0,0,0,0,0,0,0,0,0,0,2,0
Devin,Duvernay,BAL,0,0,0,0,0,0,0,7,55,7.86,6.1,1,25,318,12.72,35.3,3,33,110
Devin,Singletary,BUF,0,0,0,0,0,0,0,92,394,4.28,43.8,2,28,207,7.39,23,1,37,201
Devine,Ozigbo,DEN,0,0,0,0,0,0,0,1,2,2,1,0,0,0,0,0,0,0,0
DeVonta,Smith,PHI,0,0,0,0,0,0,0,0,0,0,0,0,46,481,10.46,53.4,3,61,195
Dezmon,Patmon,IND,0,0,0,0,0,0,0,0,0,0,0,0,2,24,12,24,0,6,7
Diontae,Johnson,PIT,0,0,0,0,0,0,0,5,22,4.4,2.4,0,47,435,9.26,48.3,0,81,86
Donald,Parham,LAC,0,0,0,0,0,0,0,0,0,0,0,0,3,53,17.67,26.5,0,4,11
Donovan,Peoples-Jones,CLE,0,0,0,0,0,0,0,1,2,2,0.2,0,35,516,14.74,57.3,0,55,98
Dontrell,Hilliard,TEN,0,0,0,0,0,0,0,18,123,6.83,15.4,0,15,146,9.73,18.2,3,20,141
Drake,London,ATL,0,0,0,0,0,0,0,0,0,0,0,0,38,407,10.71,40.7,3,62,120
Drew,Sample,CIN,0,0,0,0,0,0,0,0,0,0,0,0,2,-2,-1,-1,0,2,0
Duke,Johnson,BUF,0,0,0,0,0,0,0,2,4,2,4,0,0,0,0,0,0,0,0
Durham,Smythe,MIA,0,0,0,0,0,0,0,2,1,0.5,0.1,1,6,50,8.33,5.6,0,9,20
Dwayne,Washington,NO,0,0,0,0,0,0,0,11,38,3.45,4.2,0,1,7,7,0.8,0,1,6
Dyami,Brown,WAS,0,0,0,0,0,0,0,0,0,0,0,0,4,126,31.5,15.8,2,11,31
Elijah,Mitchell,SF,0,0,0,0,0,0,0,24,130,5.42,65,0,1,-1,-1,-0.5,0,2,4
Elijah,Moore,NYJ,0,0,0,0,0,0,0,2,-4,-2,-0.5,0,16,203,12.69,25.4,0,30,33
Eno,Benjamin,ARI,0,0,0,0,0,0,0,70,299,4.27,29.9,2,24,184,7.67,18.4,0,33,222
Equanimeous,St. Brown,CHI,0,0,0,0,0,0,0,5,53,10.6,5.3,0,11,164,14.91,16.4,1,25,52
Eric,Saubert,DEN,0,0,0,0,0,0,0,0,0,0,0,0,8,95,11.88,10.6,1,15,40
Eric,Tomlinson,DEN,0,0,0,0,0,0,0,0,0,0,0,0,3,37,12.33,4.1,0,6,17
Evan,Engram,JAX,0,0,0,0,0,0,0,1,0,0,0,0,36,352,9.78,35.2,1,51,176
Ezekiel,Elliott,DAL,0,0,0,0,0,0,0,109,443,4.06,63.3,4,6,32,5.33,4.6,0,8,45
Feleipe,Franks,ATL,0,0,0,0,0,0,0,0,0,0,0,0,0,0,0,0,0,2,0
Foster,Moreau,LV,0,0,0,0,0,0,0,0,2,0,0.3,0,20,218,10.9,31.1,1,31,136
Gabriel,Davis,BUF,0,0,0,0,0,0,0,0,0,0,0,0,24,544,22.67,68,5,48,121
Gardner,Minshew,PHI,0,0,0,0,0,0,0,1,-1,-1,-1,0,0,0,0,0,0,0,0
Garrett,Wilson,NYJ,0,0,0,0,0,0,0,2,5,2.5,0.6,0,42,521,12.4,57.9,2,68,200
Gary,Brightwell,NYG,0,0,0,0,0,0,0,4,19,4.75,2.1,1,0,0,0,0,0,0,0
Geno,Smith,SEA,316,230,72.8,2474,7.8,17,4,45,218,4.84,21.8,1,0,0,0,0,0,0,0
Geoff,Swaim,TEN,0,0,0,0,0,0,0,0,0,0,0,0,7,43,6.14,4.8,1,10,26
George,Kittle,SF,0,0,0,0,0,0,0,0,0,0,0,0,29,340,11.72,48.6,2,41,168
George,Pickens,PIT,0,0,0,0,0,0,0,3,24,8,2.7,1,29,370,12.76,41.1,1,47,64
Gerald,Everett,LAC,0,0,0,0,0,0,0,1,0,0,0,0,34,364,10.71,40.4,2,55,179
Giovanni,Ricci,CAR,0,0,0,0,0,0,0,0,0,0,0,0,7,68,9.71,6.8,0,8,48
Grant,Calcaterra,PHI,0,0,0,0,0,0,0,0,0,0,0,0,1,40,40,5.7,0,1,22
Greg,Dortch,ARI,0,0,0,0,0,0,0,2,4,2,0.4,0,25,221,8.84,22.1,2,29,128
Greg,Dulcich,DEN,0,0,0,0,0,0,0,0,0,0,0,0,13,193,14.85,48.2,1,21,77
Gunner,Olszewski,PIT,0,0,0,0,0,0,0,2,18,9,2.2,0,1,4,4,0.5,0,1,7
Gus,Edwards,BAL,0,0,0,0,0,0,0,27,131,4.85,65.5,2,0,0,0,0,0,1,0
Harrison,Bryant,CLE,0,0,0,0,0,0,0,0,0,0,0,0,17,129,7.59,14.3,1,24,51
Hassan,Haskins,TEN,0,0,0,0,0,0,0,10,42,4.2,4.7,0,3,7,2.33,0.8,0,3,18
Hayden,Hurst,CIN,0,0,0,0,0,0,0,0,0,0,0,0,38,303,7.97,33.7,2,48,123
Hunter,Henry,NE,0,0,0,0,0,0,0,0,0,0,0,0,19,240,12.63,26.7,1,28,74
Hunter,Renfrow,LV,0,0,0,0,0,0,0,0,0,0,0,0,21,192,9.14,32,0,29,78
Ian,Thomas,CAR,0,0,0,0,0,0,0,0,0,0,0,0,12,120,10,12,0,18,108
Ihmir,Smith-Marsette,CHI,0,0,0,0,0,0,0,1,-1,-1,-0.2,0,1,15,15,2.5,0,4,5
Irv,Smith,MIN,0,0,0,0,0,0,0,0,0,0,0,0,22,168,7.64,24,2,33,86
Isaiah,Hodgins,NYG,0,0,0,0,0,0,0,0,0,0,0,0,6,82,13.67,27.3,0,8,31
Isaiah,Likely,BAL,0,0,0,0,0,0,0,0,0,0,0,0,17,205,12.06,22.8,2,30,94
Isaiah,McKenzie,BUF,0,0,0,0,0,0,0,5,35,7,4.4,1,24,219,9.13,27.4,3,34,76
Isaiah,Spiller,LAC,0,0,0,0,0,0,0,12,27,2.25,9,0,0,0,0,0,0,0,0
Isiah,Pacheco,KC,0,0,0,0,0,0,0,60,279,4.65,31,1,3,13,4.33,1.4,0,3,28
J.D.,McKissic,WAS,0,0,0,0,0,0,0,22,95,4.32,11.9,0,27,173,6.41,21.6,0,40,152
J.J.,Taylor,NE,0,0,0,0,0,0,0,10,9,0.9,9,0,1,8,8,8,0,1,5
J.K.,Dobbins,BAL,0,0,0,0,0,0,0,35,123,3.51,30.8,1,6,39,6.5,9.8,1,6,36
Ja'Marr,Chase,CIN,0,0,0,0,0,0,0,4,2,0.5,0.3,0,47,605,12.87,86.4,6,74,273
Jack,Stoll,PHI,0,0,0,0,0,0,0,0,0,0,0,0,4,49,12.25,5.4,0,7,23
Jacoby,Brissett,CLE,290,185,63.8,2074,7.2,8,5,38,182,4.79,20.2,2,0,0,0,0,0,0,0
Jaelon,Darden,TB,0,0,0,0,0,0,0,1,2,2,0.2,0,2,26,13,2.6,0,2,16
Jahan,Dotson,WAS,0,0,0,0,0,0,0,1,-10,-10,-2,0,13,166,12.77,33.2,4,23,27
Jake,Ferguson,DAL,0,0,0,0,0,0,0,0,0,0,0,0,9,68,7.56,7.6,2,12,26
Jake,Gervase,LA,0,0,0,0,0,0,0,0,0,0,0,0,1,12,12,1.3,0,1,6
Jake,Kumerow,BUF,0,0,0,0,0,0,0,0,0,0,0,0,4,64,16,10.7,0,7,17
Jake,Tonges,CHI,0,0,0,0,0,0,0,0,0,0,0,0,0,0,0,0,0,1,0
Jakob,Johnson,LV,0,0,0,0,0,0,0,0,0,0,0,0,2,6,3,0.7,0,2,5
Jakobi,Meyers,NE,0,0,0,0,0,0,0,2,9,4.5,1.3,0,40,457,11.43,65.3,3,52,139
Jalen,Camp,HOU,0,0,0,0,0,0,0,0,0,0,0,0,1,7,7,7,0,1,0
Jalen,Guyton,LAC,0,0,0,0,0,0,0,0,0,0,0,0,2,64,32,21.3,0,4,7
Jalen,Hurts,PHI,265,180,67.9,2217,8.4,14,3,94,354,3.77,39.3,7,0,0,0,0,0,0,0
Jalen,Nailor,MIN,0,0,0,0,0,0,0,0,0,0,0,0,1,13,13,1.9,0,1,0
Jalen,Reagor,MIN,0,0,0,0,0,0,0,1,17,17,1.9,0,3,10,3.33,1.1,1,5,15
Jalen,Tolbert,DAL,0,0,0,0,0,0,0,0,0,0,0,0,1,4,4,0.8,0,2,1
Jalen,Virgil,DEN,0,0,0,0,0,0,0,0,0,0,0,0,1,66,66,66,1,1,40
Jamaal,Williams,DET,0,0,0,0,0,0,0,142,604,4.25,67.1,9,9,57,6.33,6.3,0,12,46
Jamal,Agnew,JAX,0,0,0,0,0,0,0,5,29,5.8,3.6,0,10,82,8.2,10.2,2,15,65
Jameis,Winston,NO,0,0,0,0,0,0,0,5,16,3.2,5.3,0,0,0,0,0,0,0,0
James,Conner,ARI,0,0,0,0,0,0,0,82,314,3.83,44.9,3,22,139,6.32,19.9,0,27,170
James,Cook,BUF,0,0,0,0,0,0,0,33,169,5.12,18.8,1,7,96,13.71,10.7,0,12,65
James,Mitchell,DET,0,0,0,0,0,0,0,0,0,0,0,0,4,26,6.5,4.3,1,4,17
James,Proche,BAL,0,0,0,0,0,0,0,0,0,0,0,0,6,53,8.83,7.6,0,8,11
James,Robinson,NYJ,0,0,0,0,0,0,0,99,405,4.09,45,3,11,51,4.64,5.7,2,14,57
Jamie,Gillan,NYG,0,0,0,0,0,0,0,1,-3,-3,-0.3,0,0,0,0,0,0,0,0
Jamison,Crowder,BUF,0,0,0,0,0,0,0,0,0,0,0,0,6,60,10,15,0,13,30
JaMycal,Hasty,JAX,0,0,0,0,0,0,0,13,92,7.08,9.2,1,7,23,3.29,2.3,0,10,42
Jared,Goff,DET,301,192,63.8,2277,7.6,15,7,17,43,2.53,4.8,0,1,5,5,0.6,0,1,5
Jarvis,Landry,NO,0,0,0,0,0,0,0,0,0,0,0,0,18,205,11.39,41,0,27,38
Jason,Moore,LAC,0,0,0,0,0,0,0,0,0,0,0,0,1,5,5,0.8,0,2,0
Jauan,Jennings,SF,0,0,0,0,0,0,0,0,0,0,0,0,18,220,12.22,27.5,0,28,115
Javonte,Williams,DEN,0,0,0,0,0,0,0,47,204,4.34,51,0,16,76,4.75,19,0,22,118
Jaylen,Waddle,MIA,0,0,0,0,0,0,0,2,17,8.5,1.7,0,51,878,17.22,87.8,6,75,312
Jaylen,Warren,PIT,0,0,0,0,0,0,0,38,190,5,21.1,0,15,128,8.53,14.2,0,17,135
Jeff,Driskel,HOU,0,0,0,0,0,0,0,2,15,7.5,7.5,0,0,0,0,0,0,0,0
Jeff,Smith,NYJ,0,0,0,0,0,0,0,0,0,0,0,0,4,57,14.25,6.3,0,6,28
Jeffery,Wilson,MIA,0,0,0,0,0,0,0,118,638,5.41,63.8,3,15,136,9.07,13.6,1,21,101
Jelani,Woods,IND,0,0,0,0,0,0,0,0,0,0,0,0,7,79,11.29,8.8,3,13,21
Jeremy,Ruckert,NYJ,0,0,0,0,0,0,0,0,0,0,0,0,0,0,0,0,0,1,0
Jerick,McKinnon,KC,0,0,0,0,0,0,0,33,125,3.79,13.9,0,25,212,8.48,23.6,1,33,225
Jerry,Jeudy,DEN,0,0,0,0,0,0,0,1,1,1,0.1,0,30,449,14.97,49.9,3,55,215
Jesper,Horsted,LV,0,0,0,0,0,0,0,0,0,0,0,0,3,19,6.33,2.1,0,4,6
Jimmy,Garoppolo,SF,238,159,66.8,1931,8.1,11,4,18,26,1.44,3.2,2,0,0,0,0,0,0,0
Joe,Burrow,CIN,333,233,70,2535,7.6,18,6,35,141,4.03,15.7,4,0,0,0,0,0,0,0
Joe,Flacco,NYJ,155,91,58.7,901,5.8,5,3,3,6,2,2,0,0,0,0,0,0,0,0
Joe,Fortson,KC,0,0,0,0,0,0,0,0,0,0,0,0,4,25,6.25,3.1,2,6,10
Joe,Mixon,CIN,0,0,0,0,0,0,0,151,585,3.87,65,6,38,272,7.16,30.2,2,50,310
John,Bates,WAS,0,0,0,0,0,0,0,0,0,0,0,0,11,84,7.64,9.3,0,17,50
John,Mundt,MIN,0,0,0,0,0,0,0,0,0,0,0,0,13,77,5.92,8.6,1,15,66
John,Wolford,LA,0,0,0,0,0,0,0,3,3,1,3,0,0,0,0,0,0,0,0
Jonathan,Taylor,IND,0,0,0,0,0,0,0,129,609,4.72,87,2,18,87,4.83,12.4,0,27,102
Jonathan,Williams,WAS,0,0,0,0,0,0,0,6,54,9,9,0,0,0,0,0,0,0,0
Jonnu,Smith,NE,0,0,0,0,0,0,0,0,0,0,0,0,16,154,9.63,19.2,0,23,143
Jordan,Akins,HOU,0,0,0,0,0,0,0,0,0,0,0,0,14,231,16.5,33,1,18,152
Jordan,Howard,NO,0,0,0,0,0,0,0,1,1,1,0.5,0,0,0,0,0,0,0,0
Jordan,Mason,SF,0,0,0,0,0,0,0,1,7,7,0.9,0,0,0,0,0,0,0,0
Jordan,Wilkins,IND,0,0,0,0,0,0,0,6,31,5.17,15.5,0,4,15,3.75,7.5,0,5,26
Josh,Allen,BUF,341,220,64.5,2733,8,20,10,68,476,7,52.9,4,0,0,0,0,0,0,0
Josh,Gordon,TEN,0,0,0,0,0,0,0,0,0,0,0,0,0,0,0,0,0,1,0
Josh,Jacobs,LV,0,0,0,0,0,0,0,159,821,5.16,91.2,7,31,200,6.45,22.2,0,37,223
Josh,Oliver,BAL,0,0,0,0,0,0,0,0,0,0,0,0,6,52,8.67,5.8,1,11,29
Josh,Palmer,LAC,0,0,0,0,0,0,0,1,4,4,0.5,0,37,390,10.54,48.8,1,58,151
Josh,Reynolds,DET,0,0,0,0,0,0,0,0,0,0,0,0,26,357,13.73,51,2,42,90
Joshua,Kelley,LAC,0,0,0,0,0,0,0,23,104,4.52,17.3,1,7,56,8,9.3,0,10,62
Josiah,Deguara,GB,0,0,0,0,0,0,0,0,0,0,0,0,11,106,9.64,10.6,0,12,60
JuJu,Smith-Schuster,KC,0,0,0,0,0,0,0,0,0,0,0,0,46,615,13.37,68.3,2,64,313
Julio,Jones,TB,0,0,0,0,0,0,0,3,17,5.67,3.4,0,11,178,16.18,35.6,2,21,77
Justice,Hill,BAL,0,0,0,0,0,0,0,32,190,5.94,27.1,0,5,27,5.4,3.9,0,5,26
Justin,Fields,CHI,207,122,58.9,1489,7.2,12,7,104,749,7.2,74.9,6,0,0,0,0,0,0,0
Justin,Herbert,LAC,386,254,65.8,2450,6.3,14,6,27,73,2.7,8.1,0,1,-8,-8,-0.9,0,1,0
Justin,Jackson,DET,0,0,0,0,0,0,0,16,60,3.75,6.7,0,4,18,4.5,2,1,6,21
Justin,Jefferson,MIN,0,0,0,0,0,0,0,2,13,6.5,1.4,1,69,1060,15.36,117.8,4,100,392
Justin,Watson,KC,0,0,0,0,0,0,0,0,0,0,0,0,7,113,16.14,12.6,2,15,11
Juwan,Johnson,NO,0,0,0,0,0,0,0,0,0,0,0,0,28,302,10.79,30.2,4,43,111
Juwann,Winfree,GB,0,0,0,0,0,0,0,0,0,0,0,0,1,17,17,5.7,0,4,5
K.J.,Osborn,MIN,0,0,0,0,0,0,0,2,1,0.5,0.1,0,25,220,8.8,24.4,2,44,71
Kadarius,Toney,KC,0,0,0,0,0,0,0,4,56,14,14,0,8,69,8.63,17.2,1,10,47
Kalif,Raymond,DET,0,0,0,0,0,0,0,3,23,7.67,2.6,0,23,302,13.13,33.6,0,31,105
Kareem,Hunt,CLE,0,0,0,0,0,0,0,83,314,3.78,34.9,3,20,127,6.35,14.1,1,24,134
KaVontae,Turpin,DAL,0,0,0,0,0,0,0,3,17,5.67,1.9,0,1,9,9,1,0,2,5
Ke'Shawn,Vaughn,TB,0,0,0,0,0,0,0,4,6,1.5,0.8,0,1,11,11,1.4,0,2,12
Keaontay,Ingram,ARI,0,0,0,0,0,0,0,14,28,2,5.6,1,2,23,11.5,4.6,0,2,27
Keelan,Cole,LV,0,0,0,0,0,0,0,0,0,0,0,0,3,42,14,7,0,11,16
Keenan,Allen,LAC,0,0,0,0,0,0,0,0,0,0,0,0,6,77,12.83,38.5,0,6,20
Keith,Kirkwood,NO,0,0,0,0,0,0,0,0,0,0,0,0,2,18,9,9,0,2,4
Keith,Smith,ATL,0,0,0,0,0,0,0,1,2,2,0.2,0,1,8,8,0.8,0,2,8
Keke,Coutee,IND,0,0,0,0,0,0,0,0,0,0,0,0,1,20,20,4,0,1,8
Kendall,Blanton,LA,0,0,0,0,0,0,0,0,0,0,0,0,2,35,17.5,8.8,0,2,23
Kendall,Hinton,DEN,0,0,0,0,0,0,0,0,0,0,0,0,10,170,17,24.3,0,12,67
Kendrick,Bourne,NE,0,0,0,0,0,0,0,3,15,5,1.9,0,14,167,11.93,20.9,0,19,49
Kenneth,Walker,SEA,0,0,0,0,0,0,0,121,587,4.85,65.2,7,18,103,5.72,11.4,0,24,142
Kenny,Gainwell,PHI,0,0,0,0,0,0,0,29,129,4.45,14.3,3,9,50,5.56,5.6,0,14,48
Kenny,Golladay,NYG,0,0,0,0,0,0,0,0,0,0,0,0,2,22,11,4.4,0,8,9
Kenny,Pickett,PIT,195,130,66.7,1161,6,2,8,27,149,5.52,24.8,3,0,0,0,0,0,0,0
Kenyan,Drake,BAL,0,0,0,0,0,0,0,73,344,4.71,49.1,3,9,45,5,6.4,1,11,71
Kevin,Harris,NE,0,0,0,0,0,0,0,3,5,1.67,5,0,0,0,0,0,0,0,0
Kevin,White,NO,0,0,0,0,0,0,0,0,0,0,0,0,2,74,37,14.8,0,5,68
Khadarel,Hodge,ATL,0,0,0,0,0,0,0,0,0,0,0,0,11,184,16.73,18.4,1,16,61
Khalil,Herbert,CHI,0,0,0,0,0,0,0,108,643,5.95,64.3,4,6,62,10.33,6.2,1,7,73
Khalil,Shakir,BUF,0,0,0,0,0,0,0,0,0,0,0,0,7,118,16.86,16.9,1,15,62
Kirk,Cousins,MIN,354,227,64.1,2356,6.7,14,8,21,50,2.38,5.6,2,0,0,0,0,0,0,0
KJ,Hamler,DEN,0,0,0,0,0,0,0,2,23,11.5,3.3,0,7,165,23.57,23.6,0,14,23
Ko,Kieft,TB,0,0,0,0,0,0,0,0,0,0,0,0,4,52,13,5.2,0,5,13
Kyle,Juszczyk,SF,0,0,0,0,0,0,0,3,10,3.33,1.2,1,11,153,13.91,19.1,0,15,112
Kyle,Philips,TEN,0,0,0,0,0,0,0,0,0,0,0,0,8,78,9.75,19.5,0,13,21
Kyle,Pitts,ATL,0,0,0,0,0,0,0,0,0,0,0,0,25,313,12.52,34.8,2,54,107
Kyle,Rudolph,TB,0,0,0,0,0,0,0,0,0,0,0,0,2,20,10,4,0,4,3
Kylen,Granson,IND,0,0,0,0,0,0,0,1,0,0,0,0,24,233,9.71,23.3,0,31,120
Kyler,Murray,ARI,360,240,66.7,2168,6,12,6,59,359,6.08,39.9,2,0,0,0,0,0,0,0
Kylin,Hill,GB,0,0,0,0,0,0,0,1,7,7,3.5,0,0,0,0,0,0,0,0
Kyren,Williams,LA,0,0,0,0,0,0,0,1,9,9,4.5,0,3,30,10,15,0,3,21
Lamar,Jackson,BAL,257,160,62.3,1768,6.9,16,6,86,635,7.38,70.6,2,0,0,0,0,0,0,0
Latavius,Murray,NO,0,0,0,0,0,0,0,57,217,3.81,43.4,3,8,41,5.13,8.2,0,10,57
Laviska,Shenault,CAR,0,0,0,0,0,0,0,5,48,9.6,8,1,11,141,12.82,23.5,1,14,160
Lawrence,Cager,NYJ,0,0,0,0,0,0,0,0,0,0,0,0,2,9,4.5,3,1,4,11
Leonard,Fournette,TB,0,0,0,0,0,0,0,135,462,3.42,46.2,3,43,315,7.33,31.5,3,50,358
Lil'Jordan,Humphrey,NE,0,0,0,0,0,0,0,0,0,0,0,0,2,20,10,3.3,0,4,15
Logan,Thomas,WAS,0,0,0,0,0,0,0,0,0,0,0,0,15,118,7.87,16.9,1,27,40
Luke,Farrell,JAX,0,0,0,0,0,0,0,0,0,0,0,0,2,26,13,2.6,0,2,26
M.J.,Stewart,HOU,0,0,0,0,0,0,0,1,3,3,0.3,0,0,0,0,0,0,0,0
Mac,Jones,NE,168,111,66.1,1140,6.8,4,7,25,78,3.12,13,1,0,0,0,0,0,0,0
Mack,Hollins,LV,0,0,0,0,0,0,0,1,0,0,0,0,30,416,13.87,46.2,2,50,109
Malcolm,Brown,LA,0,0,0,0,0,0,0,14,34,2.43,6.8,0,2,23,11.5,4.6,0,2,29
Malik,Davis,DAL,0,0,0,0,0,0,0,13,61,4.69,15.2,0,2,18,9,4.5,0,2,17
Malik,Willis,TEN,0,0,0,0,0,0,0,18,64,3.56,12.8,0,0,0,0,0,0,0,0
Marcedes,Lewis,GB,0,0,0,0,0,0,0,0,0,0,0,0,3,20,6.67,2,1,3,5
Marcus,Allen,PIT,0,0,0,0,0,0,0,1,4,4,0.4,0,0,0,0,0,0,0,0
Marcus,Johnson,NYG,0,0,0,0,0,0,0,0,0,0,0,0,6,63,10.5,10.5,0,16,26
Marcus,Mariota,ATL,231,143,61.9,1747,7.6,12,7,63,347,5.51,34.7,3,0,0,0,0,0,0,0
Mark,Andrews,BAL,0,0,0,0,0,0,0,2,7,3.5,0.9,0,42,488,11.62,61,5,64,145
Mark,Ingram,NO,0,0,0,0,0,0,0,51,196,3.84,24.5,1,11,46,4.18,5.8,0,12,55
Marquez,Callaway,NO,0,0,0,0,0,0,0,0,0,0,0,0,15,152,10.13,16.9,1,29,33
Marquez,Valdes-Scantling,KC,0,0,0,0,0,0,0,1,-3,-3,-0.3,0,26,441,16.96,49,1,43,101
Marquise,Brown,ARI,0,0,0,0,0,0,0,0,0,0,0,0,43,485,11.28,80.8,3,64,159
Marquise,Goodwin,SEA,0,0,0,0,0,0,0,0,0,0,0,0,16,217,13.56,27.1,3,22,72
Marvin,Jones,JAX,0,0,0,0,0,0,0,0,0,0,0,0,28,346,12.36,38.4,1,50,60
Mason,Kinsey,TEN,0,0,0,0,0,0,0,0,0,0,0,0,1,3,3,3,0,1,0
Mason,Schreck,HOU,0,0,0,0,0,0,0,0,0,0,0,0,2,6,3,3,0,2,0
Matt,Breida,NYG,0,0,0,0,0,0,0,29,93,3.21,10.3,0,6,54,9,6,0,8,43
Matt,Ryan,IND,325,224,68.9,2230,6.9,10,9,16,49,3.06,6.1,1,0,0,0,0,0,0,0
Matthew,Stafford,LA,285,195,68.4,1928,6.8,8,8,12,5,0.42,0.6,1,0,0,0,0,0,0,0
Matthias,Farley,LV,0,0,0,0,0,0,0,1,-3,-3,-0.3,0,0,0,0,0,0,0,0
Maurice,Alexander,DET,0,0,0,0,0,0,0,0,0,0,0,0,1,7,7,1.8,0,1,4
Mecole,Hardman,KC,0,0,0,0,0,0,0,4,31,7.75,3.9,2,25,297,11.88,37.1,4,34,160
Melvin,Gordon,DEN,0,0,0,0,0,0,0,82,287,3.5,31.9,2,20,184,9.2,20.4,0,27,170
Michael,Bandy,LAC,0,0,0,0,0,0,0,0,0,0,0,0,9,74,8.22,12.3,0,19,21
Michael,Burton,KC,0,0,0,0,0,0,0,4,7,1.75,0.8,0,2,11,5.5,1.2,0,3,8
Michael,Carter,NYJ,0,0,0,0,0,0,0,85,330,3.88,36.7,3,25,196,7.84,21.8,0,32,214
Michael,Dickson,SEA,0,0,0,0,0,0,0,2,-18,-9,-1.8,0,0,0,0,0,0,0,0
Michael,Gallup,DAL,0,0,0,0,0,0,0,0,0,0,0,0,16,170,10.63,28.3,1,30,40
Michael,Pittman,IND,0,0,0,0,0,0,0,0,0,0,0,0,61,603,9.89,67,1,85,245
Michael,Thomas,NO,0,0,0,0,0,0,0,0,0,0,0,0,16,171,10.69,57,3,22,21
Michael,Woods,CLE,0,0,0,0,0,0,0,0,0,0,0,0,2,21,10.5,5.2,0,6,8
Mike,Boone,DEN,0,0,0,0,0,0,0,15,82,5.47,11.7,0,6,61,10.17,8.7,0,12,64
Mike,Davis,BAL,0,0,0,0,0,0,0,8,18,2.25,2.6,0,1,7,7,1,0,1,11
Mike,Evans,TB,0,0,0,0,0,0,0,0,0,0,0,0,49,671,13.69,74.6,3,76,123
Mike,Gesicki,MIA,0,0,0,0,0,0,0,0,0,0,0,0,24,269,11.21,26.9,4,35,80
Mike,Strachan,IND,0,0,0,0,0,0,0,0,0,0,0,0,3,59,19.67,6.6,0,8,13
Mike,Thomas,CIN,0,0,0,0,0,0,0,0,0,0,0,0,2,38,19,4.2,0,9,24
Mike,Williams,LAC,0,0,0,0,0,0,0,0,0,0,0,0,37,495,13.38,70.7,3,59,188
Miles,Boykin,PIT,0,0,0,0,0,0,0,0,0,0,0,0,1,11,11,1.2,0,2,0
Miles,Sanders,PHI,0,0,0,0,0,0,0,143,710,4.97,78.9,6,11,42,3.82,4.7,0,14,58
Miller,Forristall,CLE,0,0,0,0,0,0,0,0,0,0,0,0,0,0,0,0,0,1,0
Mitchell,Trubisky,PIT,128,78,60.9,797,6.2,3,2,13,29,2.23,5.8,1,0,0,0,0,0,0,0
Mitchell,Wilcox,CIN,0,0,0,0,0,0,0,0,0,0,0,0,6,47,7.83,5.2,0,6,34
Mo,Alie-Cox,IND,0,0,0,0,0,0,0,0,0,0,0,0,13,149,11.46,14.9,2,18,77
Montrell,Washington,DEN,0,0,0,0,0,0,0,3,30,10,3.3,0,3,5,1.67,0.6,0,5,14
MyCole,Pruitt,ATL,0,0,0,0,0,0,0,0,0,0,0,0,3,14,4.67,2.3,1,3,3
Myles,Gaskin,MIA,0,0,0,0,0,0,0,4,9,2.25,4.5,0,3,24,8,12,0,5,19
N'Keal,Harry,CHI,0,0,0,0,0,0,0,0,0,0,0,0,4,44,11,14.7,1,5,10
Najee,Harris,PIT,0,0,0,0,0,0,0,128,460,3.59,51.1,1,24,112,4.67,12.4,2,29,125
Nelson,Agholor,NE,0,0,0,0,0,0,0,0,0,0,0,0,15,227,15.13,28.4,1,21,88
Nick,Chubb,CLE,0,0,0,0,0,0,0,160,904,5.65,100.4,11,13,88,6.77,9.8,0,19,108
Nick,Vannett,NO,0,0,0,0,0,0,0,0,0,0,0,0,2,13,6.5,4.3,0,2,3
Nick,Westbrook,TEN,0,0,0,0,0,0,0,0,0,0,0,0,12,257,21.42,28.6,2,23,67
Nico,Collins,HOU,0,0,0,0,0,0,0,0,0,0,0,0,23,354,15.39,50.6,1,40,87
Noah,Brown,DAL,0,0,0,0,0,0,0,0,0,0,0,0,26,342,13.15,42.8,1,43,90
Noah,Fant,SEA,0,0,0,0,0,0,0,0,0,0,0,0,30,306,10.2,30.6,1,38,175
Noah,Gray,KC,0,0,0,0,0,0,0,1,1,1,0.1,1,14,143,10.21,15.9,1,19,56
Noah,Togiai,PHI,0,0,0,0,0,0,0,0,0,0,0,0,0,0,0,0,0,1,0
Nyheim,Hines,IND,0,0,0,0,0,0,0,18,36,2,5.1,1,26,197,7.58,21.9,0,30,158
O.J.,Howard,HOU,0,0,0,0,0,0,0,0,0,0,0,0,8,110,13.75,12.2,2,16,29
Olamide,Zaccheaus,ATL,0,0,0,0,0,0,0,1,-6,-6,-0.6,0,24,365,15.21,36.5,2,29,106
Parker,Hesse,ATL,0,0,0,0,0,0,0,0,0,0,0,0,5,50,10,5,0,6,14
Parris,Campbell,IND,0,0,0,0,0,0,0,2,29,14.5,2.9,0,39,373,9.56,37.3,3,54,221
Pat,Freiermuth,PIT,0,0,0,0,0,0,0,0,0,0,0,0,36,403,11.19,50.4,1,55,134
Patrick,Mahomes,KC,366,245,66.9,2936,8,25,7,34,215,6.32,23.9,1,0,0,0,0,0,0,0
Patrick,Ricard,BAL,0,0,0,0,0,0,0,4,10,2.5,1.1,0,8,60,7.5,6.7,0,9,55
Penny,Hart,SEA,0,0,0,0,0,0,0,0,0,0,0,0,1,15,15,2.1,0,1,8
Peyton,Hendershot,DAL,0,0,0,0,0,0,0,0,0,0,0,0,9,85,9.44,9.4,1,13,46
Pharaoh,Brown,CLE,0,0,0,0,0,0,0,0,0,0,0,0,11,106,9.64,13.2,0,18,71
Phillip,Dorsett,HOU,0,0,0,0,0,0,0,0,0,0,0,0,9,157,17.44,19.6,1,21,22
Phillip,Lindsay,IND,0,0,0,0,0,0,0,15,49,3.27,16.3,0,6,19,3.17,6.3,0,8,11
Phillip,Walker,CAR,0,0,0,0,0,0,0,6,39,6.5,6.5,0,0,0,0,0,0,0,0
Pierre,Strong,NE,0,0,0,0,0,0,0,1,5,5,0.7,0,0,0,0,0,0,0,0
Quez,Watkins,PHI,0,0,0,0,0,0,0,1,-3,-3,-0.3,0,12,193,16.08,21.4,1,17,60
Quintez,Cephus,DET,0,0,0,0,0,0,0,0,0,0,0,0,2,15,7.5,3.8,0,3,4
Quintin,Morris,BUF,0,0,0,0,0,0,0,0,0,0,0,0,6,67,11.17,8.4,0,9,32
Rachaad,White,TB,0,0,0,0,0,0,0,60,222,3.7,22.2,1,20,135,6.75,13.5,0,25,135
Raheem,Blackshear,CAR,0,0,0,0,0,0,0,15,41,2.73,6.8,1,4,40,10,6.7,0,4,41
Raheem,Mostert,MIA,0,0,0,0,0,0,0,118,543,4.6,54.3,3,17,119,7,11.9,1,26,96
Randall,Cobb,GB,0,0,0,0,0,0,0,0,0,0,0,0,18,257,14.28,42.8,0,26,135
Rashaad,Penny,SEA,0,0,0,0,0,0,0,57,346,6.07,69.2,2,4,16,4,3.2,0,5,28
Rashid,Shaheed,NO,0,0,0,0,0,0,0,1,44,44,8.8,1,5,103,20.6,20.6,1,6,22
Rashod,Bateman,BAL,0,0,0,0,0,0,0,0,0,0,0,0,15,285,19,47.5,2,28,133
Ray Ray,McCloud,SF,0,0,0,0,0,0,0,0,0,0,0,0,10,162,16.2,18,1,16,32
Reggie,Gilliam,BUF,0,0,0,0,0,0,0,0,0,0,0,0,7,57,8.14,6.3,1,9,44
Rex,Burkhead,HOU,0,0,0,0,0,0,0,24,83,3.46,9.2,0,27,159,5.89,17.7,1,35,159
Rhamondre,Stevenson,NE,0,0,0,0,0,0,0,129,618,4.79,68.7,4,35,227,6.49,25.2,1,43,236
Richard,Rodgers,LAC,0,0,0,0,0,0,0,0,0,0,0,0,1,4,4,0.6,0,4,3
Richie,James,NYG,0,0,0,0,0,0,0,2,6,3,0.7,0,20,191,9.55,21.2,0,26,51
River,Cracraft,MIA,0,0,0,0,0,0,0,0,0,0,0,0,2,13,6.5,1.9,2,6,0
Robby,Anderson,ARI,0,0,0,0,0,0,0,0,0,0,0,0,14,202,14.43,20.2,1,34,72
Robert,Tonyan,GB,0,0,0,0,0,0,0,0,0,0,0,0,39,323,8.28,32.3,1,47,172
Robert,Woods,TEN,0,0,0,0,0,0,0,0,0,0,0,0,24,266,11.08,29.6,1,43,86
Romeo,Doubs,GB,0,0,0,0,0,0,0,1,11,11,1.2,0,31,314,10.13,34.9,3,50,155
Rondale,Moore,ARI,0,0,0,0,0,0,0,5,1,0.2,0.1,0,41,414,10.1,59.1,1,56,281
Ronnie,Rivers,LA,0,0,0,0,0,0,0,9,21,2.33,7,0,5,29,5.8,9.7,0,5,55
Ross,Dwelley,SF,0,0,0,0,0,0,0,0,0,0,0,0,3,105,35,11.7,1,5,43
Russell,Gage,TB,0,0,0,0,0,0,0,0,0,0,0,0,29,231,7.97,33,1,40,94
Russell,Wilson,DEN,270,155,57.4,1980,7.3,7,5,32,121,3.78,15.1,1,1,1,1,0.1,0,1,2
Ryan,Griffin,CHI,0,0,0,0,0,0,0,0,0,0,0,0,3,24,8,3,0,6,9
Ryan,Tannehill,TEN,182,114,62.6,1352,7.4,8,3,21,41,1.95,5.9,1,0,0,0,0,0,0,0
Salvon,Ahmed,MIA,0,0,0,0,0,0,0,4,13,3.25,1.9,0,0,0,0,0,0,0,0
Sam,Ehlinger,IND,0,0,0,0,0,0,0,11,54,4.91,27,0,0,0,0,0,0,0,0
Samaje,Perine,CIN,0,0,0,0,0,0,0,25,133,5.32,14.8,0,18,126,7,14,1,22,132
Sammy,Watkins,GB,0,0,0,0,0,0,0,0,0,0,0,0,13,206,15.85,34.3,0,20,64
Samori,Toure,GB,0,0,0,0,0,0,0,0,0,0,0,0,4,75,18.75,18.8,1,9,8
Saquon,Barkley,NYG,0,0,0,0,0,0,0,198,931,4.7,103.4,6,29,197,6.79,21.9,0,36,230
Scott,Miller,TB,0,0,0,0,0,0,0,1,8,8,1,0,21,170,8.1,21.2,0,34,26
Sean,McKeon,DAL,0,0,0,0,0,0,0,0,0,0,0,0,2,11,5.5,2.2,0,3,7
Shane,Zylstra,DET,0,0,0,0,0,0,0,0,0,0,0,0,1,1,1,0.2,1,2,0
Shi,Smith,CAR,0,0,0,0,0,0,0,0,0,0,0,0,10,142,14.2,14.2,0,24,57
Simi,Fehoko,DAL,0,0,0,0,0,0,0,0,0,0,0,0,3,24,8,4.8,0,4,10
Skylar,Thompson,MIA,0,0,0,0,0,0,0,4,9,2.25,3,0,0,0,0,0,0,0,0
Skyy,Moore,KC,0,0,0,0,0,0,0,0,0,0,0,0,7,106,15.14,11.8,0,14,67
Sony,Michel,LAC,0,0,0,0,0,0,0,35,105,3,11.7,0,9,53,5.89,5.9,0,13,46
Spencer,Brown,CAR,0,0,0,0,0,0,0,9,43,4.78,21.5,0,2,10,5,5,0,4,12
Stanley,Morgan,CIN,0,0,0,0,0,0,0,0,0,0,0,0,0,0,0,0,0,1,0
Stefon,Diggs,BUF,0,0,0,0,0,0,0,0,0,0,0,0,72,985,13.68,109.4,7,99,318
Stephen,Anderson,ARI,0,0,0,0,0,0,0,0,0,0,0,0,1,2,2,0.2,0,2,0
Stephen,Sullivan,CAR,0,0,0,0,0,0,0,0,0,0,0,0,2,46,23,6.6,0,3,21
Sterling,Shepard,NYG,0,0,0,0,0,0,0,0,0,0,0,0,13,154,11.85,51.3,1,24,55
Steven,Sims,PIT,0,0,0,0,0,0,0,5,18,3.6,4.5,0,3,14,4.67,3.5,0,5,22
T.J.,Hockenson,MIN,0,0,0,0,0,0,0,0,0,0,0,0,42,510,12.14,56.7,3,62,244
Tanner,Conner,MIA,0,0,0,0,0,0,0,0,0,0,0,0,0,0,0,0,0,3,0
Tanner,Gentry,BUF,0,0,0,0,0,0,0,0,0,0,0,0,0,0,0,0,0,1,0
Tanner,Hudson,NYG,0,0,0,0,0,0,0,0,0,0,0,0,9,122,13.56,13.6,0,14,59
Taylor,Heinicke,WAS,0,0,0,0,0,0,0,17,60,3.53,15,1,0,0,0,0,0,0,0
Taysom,Hill,NO,0,0,0,0,0,0,0,43,344,8,38.2,5,3,16,5.33,1.8,1,5,12
Teagan,Quitoriano,HOU,0,0,0,0,0,0,0,0,0,0,0,0,1,2,2,1,1,1,0
Teddy,Bridgewater,MIA,0,0,0,0,0,0,0,2,21,10.5,5.2,0,0,0,0,0,0,0,0
Tee,Higgins,CIN,0,0,0,0,0,0,0,0,0,0,0,0,41,564,13.76,62.7,3,58,176
Terrace,Marshall,CAR,0,0,0,0,0,0,0,0,0,0,0,0,14,244,17.43,34.9,1,25,98
Terry,McLaurin,WAS,0,0,0,0,0,0,0,4,11,2.75,1.1,0,46,737,16.02,73.7,2,73,266
Tevin,Coleman,SF,0,0,0,0,0,0,0,12,26,2.17,6.5,1,3,44,14.67,11,1,3,20
Tim,Jones,JAX,0,0,0,0,0,0,0,0,0,0,0,0,2,27,13.5,2.7,0,3,21
Tom,Brady,TB,427,282,66,2805,6.6,12,2,18,-8,-0.44,-0.8,0,0,0,0,0,0,1,0
Tom,Kennedy,DET,0,0,0,0,0,0,0,0,0,0,0,0,7,128,18.29,25.6,0,14,69
Tommy,Sweeney,BUF,0,0,0,0,0,0,0,0,0,0,0,0,1,7,7,2.3,0,1,8
Tommy,Tremble,CAR,0,0,0,0,0,0,0,0,0,0,0,0,10,99,9.9,9.9,2,19,28
Tony,Jones,NO,0,0,0,0,0,0,0,2,8,4,4,0,2,12,6,6,0,2,14
Tony,Pollard,DAL,0,0,0,0,0,0,0,103,621,6.03,69,6,15,134,8.93,14.9,0,25,139
Trace,McSorley,ARI,0,0,0,0,0,0,0,3,20,6.67,10,0,0,0,0,0,0,0,0
Travis,Etienne,JAX,0,0,0,0,0,0,0,131,725,5.53,72.5,4,22,202,9.18,20.2,0,31,230
Travis,Homer,SEA,0,0,0,0,0,0,0,7,35,5,5.8,0,8,79,9.88,13.2,0,8,82
Travis,Kelce,KC,0,0,0,0,0,0,0,2,5,2.5,0.6,0,63,740,11.75,82.2,8,84,309
Tre',McKitty,LAC,0,0,0,0,0,0,0,0,0,0,0,0,7,49,7,5.4,0,13,30
Tre'Quan,Smith,NO,0,0,0,0,0,0,0,0,0,0,0,0,17,264,15.53,33,1,25,64
Trent,Sherfield,MIA,0,0,0,0,0,0,0,0,0,0,0,0,22,247,11.23,24.7,1,30,59
Trent,Taylor,CIN,0,0,0,0,0,0,0,3,18,6,2,0,3,19,6.33,2.1,0,3,18
Trenton,Irwin,CIN,0,0,0,0,0,0,0,1,11,11,5.5,0,3,41,13.67,20.5,0,4,8
Trestan,Ebner,CHI,0,0,0,0,0,0,0,18,46,2.56,4.6,0,2,8,4,0.8,0,4,-1
Trevon,Wesco,CHI,0,0,0,0,0,0,0,0,0,0,0,0,1,23,23,2.6,0,3,10
Trevor,Lawrence,JAX,348,227,65.2,2334,6.7,13,6,37,178,4.81,17.8,3,0,0,0,0,0,0,0
Trey,Lance,SF,0,0,0,0,0,0,0,16,67,4.19,33.5,0,0,0,0,0,0,0,0
Trey,McBride,ARI,0,0,0,0,0,0,0,0,0,0,0,0,4,31,7.75,3.4,0,4,14
Trey,Sermon,PHI,0,0,0,0,0,0,0,2,19,9.5,9.5,0,0,0,0,0,0,0,0
Treylon,Burks,TEN,0,0,0,0,0,0,0,2,12,6,2.4,0,13,153,11.77,30.6,0,22,75
Troy,Hairston,HOU,0,0,0,0,0,0,0,0,0,0,0,0,3,12,4,1.3,0,4,6
Tua,Tagovailoa,MIA,248,176,71,2265,9.1,18,3,19,35,1.84,4.4,0,0,0,0,0,0,0,0
Ty,Johnson,NYJ,0,0,0,0,0,0,0,5,26,5.2,2.9,0,2,10,5,1.1,0,6,7
Ty,Montgomery,NE,0,0,0,0,0,0,0,2,-2,-1,-2,0,3,15,5,15,1,4,7
Tylan,Wallace,BAL,0,0,0,0,0,0,0,0,0,0,0,0,3,21,7,3.5,0,6,4
Tyler,Allgeier,ATL,0,0,0,0,0,0,0,102,443,4.34,49.2,1,9,78,8.67,8.7,1,9,100
Tyler,Boyd,CIN,0,0,0,0,0,0,0,0,0,0,0,0,37,537,14.51,59.7,4,49,186
Tyler,Conklin,NYJ,0,0,0,0,0,0,0,1,1,1,0.1,0,33,316,9.58,35.1,3,50,173
Tyler,Davis,GB,0,0,0,0,0,0,0,0,0,0,0,0,4,26,6.5,2.6,0,6,27
Tyler,Higbee,LA,0,0,0,0,0,0,0,0,0,0,0,0,44,385,8.75,42.8,0,65,259
Tyler,Kroft,SF,0,0,0,0,0,0,0,0,0,0,0,0,2,15,7.5,3.8,0,3,3
Tyler,Lockett,SEA,0,0,0,0,0,0,0,0,0,0,0,0,54,640,11.85,64,5,71,143
Tyquan,Thornton,NE,0,0,0,0,0,0,0,3,16,5.33,3.2,1,9,81,9,16.2,1,19,25
Tyreek,Hill,MIA,0,0,0,0,0,0,0,5,25,5,2.5,0,81,1148,14.17,114.8,4,106,350
Tyrie,Cleveland,DEN,0,0,0,0,0,0,0,0,0,0,0,0,2,28,14,4.7,0,7,17
Tyrion,Davis-Price,SF,0,0,0,0,0,0,0,16,37,2.31,12.3,0,0,0,0,0,0,2,0
Tyrod,Taylor,NYG,0,0,0,0,0,0,0,3,30,10,30,0,0,0,0,0,0,0,0
Tyron,Johnson,HOU,0,0,0,0,0,0,0,0,0,0,0,0,1,8,8,4,0,1,10
Van,Jefferson,LA,0,0,0,0,0,0,0,0,0,0,0,0,3,27,9,9,1,8,4
Velus,Jones,CHI,0,0,0,0,0,0,0,3,41,13.67,8.2,0,3,24,8,4.8,1,5,33
Wan'Dale,Robinson,NYG,0,0,0,0,0,0,0,1,-5,-5,-1,0,14,127,9.07,25.4,1,18,69
Will,Dissly,SEA,0,0,0,0,0,0,0,0,0,0,0,0,26,258,9.92,25.8,3,28,150
Zach,Ertz,ARI,0,0,0,0,0,0,0,0,0,0,0,0,47,406,8.64,40.6,4,69,130
Zach,Gentry,PIT,0,0,0,0,0,0,0,0,0,0,0,0,12,92,7.67,10.2,0,14,83
Zach,Pascal,PHI,0,0,0,0,0,0,0,1,0,0,0,0,10,114,11.4,12.7,1,12,75
Zach,Wilson,NYJ,167,96,57.5,1202,7.2,4,5,21,68,3.24,11.3,1,1,2,2,0.3,1,1,0
Zack,Moss,BUF,0,0,0,0,0,0,0,18,95,5.28,15.8,0,7,27,3.86,5.4,0,8,29
Zamir,White,LV,0,0,0,0,0,0,0,8,19,2.38,2.1,0,0,0,0,0,0,0,0
Zay,Jones,JAX,0,0,0,0,0,0,0,3,21,7,2.3,0,47,417,8.87,46.3,1,65,160